{
  "mean": 7.047961904761904,
  "var": 25.073852036643995,
  "multiplier_used": 2.0,
  "window_title_regex": "Miracle\\s*7\\.4"
}